Ecole;Année scolaire;Effectif;Début année scolaire
ALAIN FOURNIER MATERNELLE;2010-2011;114;2010-10-01
BAUT ELEMENTAIRE;2010-2011;98;2010-10-01
BEAUJOIRE ELEMENTAIRE;2010-2011;119;2010-10-01
CHARLES LEBOURG PRIMAIRE;2010-2011;169;2010-10-01
CHENE D'ARON MATERNELLE;2010-2011;78;2010-10-01
FONTENY MATERNELLE;2010-2011;145;2010-10-01
FRANCOIS DALLET ELEMENTAIRE;2010-2011;198;2010-10-01
JEAN MOULIN MATERNELLE;2010-2011;146;2010-10-01
LOUIS PERGAUD MATERNELLE;2010-2011;149;2010-10-01
PLANTES MATERNELLE;2010-2011;75;2010-10-01
PLESSIS CELLIER ELEMENTAIRE;2010-2011;192;2010-10-01
SARAH BERNHARDT MATERNELLE;2010-2011;188;2010-10-01
VILLA MARIA PRIMAIRE;2010-2011;117;2010-10-01
BARBERIE-MULOTIERE ELEMENTAIRE;2011-2012;153;2011-10-01
BOCCAGE ELEMENTAIRE;2011-2012;130;2011-10-01
FELLONNEAU MATERNELLE;2011-2012;115;2011-10-01
GARENNES ELEMENTAIRE;2011-2012;125;2011-10-01
HENRI BERGSON MATERNELLE;2011-2012;105;2011-10-01
JEAN JAURES ELEMENTAIRE;2011-2012;125;2011-10-01
MAISON NEUVE PRIMAIRE;2011-2012;172;2011-10-01
MARSAUDERIES ELEMENTAIRE;2011-2012;175;2011-10-01
"MARSAUDERIES bilingue ""Français/Breton""";2011-2012;169;2011-10-01
SULLY ELEMENTAIRE;2011-2012;221;2011-10-01
VILLA MARIA PRIMAIRE;2011-2012;114;2011-10-01
ALAIN FOURNIER ELEMENTAIRE;2012-2013;146;2012-10-01
ANDRE LERMITE ELEMENTAIRE;2012-2013;177;2012-10-01
BAUT ELEMENTAIRE;2012-2013;114;2012-10-01
BOTTIERE ELEMENTAIRE;2012-2013;163;2012-10-01
CHARLES LEBOURG PRIMAIRE;2012-2013;193;2012-10-01
CONTRIE ELEMENTAIRE;2012-2013;186;2012-10-01
GEORGES BRASSENS MATERNELLE;2012-2013;92;2012-10-01
JEAN ZAY I MATERNELLE;2012-2013;118;2012-10-01
JEAN ZAY II MATERNELLE;2012-2013;96;2012-10-01
LEDRU ROLLIN ELEMENTAIRE;2012-2013;300;2012-10-01
LOUIS PERGAUD MATERNELLE;2012-2013;134;2012-10-01
LOUISE MICHEL MATERNELLE;2012-2013;151;2012-10-01
AGENETS ELEMENTAIRE;2013-2014;216;2013-10-01
BATIGNOLLES ELEMENTAIRE;2013-2014;167;2013-10-01
BAUT MATERNELLE;2013-2014;97;2013-10-01
BEAUJOIRE ELEMENTAIRE;2013-2014;111;2013-10-01
BOTTIERE MATERNELLE;2013-2014;171;2013-10-01
CONTRIE ELEMENTAIRE;2013-2014;192;2013-10-01
COTE D'OR MATERNELLE;2013-2014;56;2013-10-01
FELLONNEAU MATERNELLE;2013-2014;115;2013-10-01
FONTENY MATERNELLE;2013-2014;142;2013-10-01
JEAN ZAY II MATERNELLE;2013-2014;91;2013-10-01
LEON SAY ELEMENTAIRE;2013-2014;198;2013-10-01
LOUIS PERGAUD MATERNELLE;2013-2014;149;2013-10-01
PORT BOYER MATERNELLE;2013-2014;145;2013-10-01
BAUT ELEMENTAIRE;2014-2015;112;2014-10-01
BEAUJOIRE MATERNELLE;2014-2015;94;2014-10-01
BOTTIERE MATERNELLE;2014-2015;145;2014-10-01
CHENE D'ARON ELEMENTAIRE;2014-2015;157;2014-10-01
FRANCOIS DALLET ELEMENTAIRE;2014-2015;209;2014-10-01
GASTON SERPETTE ELEMENTAIRE;2014-2015;227;2014-10-01
JEAN JAURES ELEMENTAIRE;2014-2015;129;2014-10-01
JEAN ZAY ELEMENTAIRE;2014-2015;259;2014-10-01
JULIEN GRACQ PRIMAIRE;2014-2015;364;2014-10-01
MAISDON PAJOT MATERNELLE;2014-2015;200;2014-10-01
PAULINE KERGOMARD MATERNELLE;2014-2015;104;2014-10-01
AGENETS ELEMENTAIRE;2015-2016;206;2015-10-01
"BATIGNOLLES bilingue ""Français/Breton""";2015-2016;22;2015-10-01
CHENE D'ARON ELEMENTAIRE;2015-2016;149;2015-10-01
CONTRIE ELEMENTAIRE;2015-2016;188;2015-10-01
DOCTEUR TEILLAIS MATERNELLE;2015-2016;143;2015-10-01
FELLONNEAU MATERNELLE;2015-2016;83;2015-10-01
FONTENY MATERNELLE;2015-2016;152;2015-10-01
GASTON SERPETTE MATERNELLE;2015-2016;121;2015-10-01
GAY LUSSAC PRIMAIRE;2015-2016;239;2015-10-01
LINOT MATERNELLE;2015-2016;139;2015-10-01
MARSAUDERIES ELEMENTAIRE;2015-2016;200;2015-10-01
MUTUALITE ELEMENTAIRE;2015-2016;320;2015-10-01
PLANTES ELEMENTAIRE;2015-2016;145;2015-10-01
PORT BOYER ELEMENTAIRE;2015-2016;178;2015-10-01
RUE NOIRE PRIMAIRE;2015-2016;177;2015-10-01
SARAH BERNHARDT MATERNELLE;2015-2016;226;2015-10-01
URBAIN LE VERRIER ELEMENTAIRE;2015-2016;220;2015-10-01
CHAUVINIERE ELEMENTAIRE;2016-2017;191;2016-10-01
EMILE PEHANT ELEMENTAIRE;2016-2017;185;2016-10-01
FRATERNITE ELEMENTAIRE;2016-2017;296;2016-10-01
GUSTAVE ROCH ELEMENTAIRE;2016-2017;117;2016-10-01
JACQUES TATI PRIMAIRE;2016-2017;289;2016-10-01
JOSEPH BLANCHART MATERNELLE;2016-2017;113;2016-10-01
LEDRU ROLLIN ELEMENTAIRE;2016-2017;367;2016-10-01
LEON BLUM ELEMENTAIRE;2016-2017;178;2016-10-01
LUCIE AUBRAC MATERNELLE;2016-2017;84;2016-10-01
MARSAUDERIES MATERNELLE;2016-2017;121;2016-10-01
PLANTES ELEMENTAIRE;2016-2017;132;2016-10-01
PORT BOYER ELEMENTAIRE;2016-2017;193;2016-10-01
SARAH BERNHARDT MATERNELLE;2016-2017;219;2016-10-01
URBAIN LE VERRIER ELEMENTAIRE;2016-2017;227;2016-10-01
ANATOLE DE MONZIE ELEMENTAIRE;2017-2018;155;2017-10-01
ANGE GUEPIN ELEMENTAIRE;2017-2018;121;2017-10-01
BAUT ELEMENTAIRE;2017-2018;126;2017-10-01
CHATAIGNIERS ELEMENTAIRE;2017-2018;132;2017-10-01
CHENE D'ARON ELEMENTAIRE;2017-2018;159;2017-10-01
CHENE D'ARON MATERNELLE;2017-2018;82;2017-10-01
COUDRAY ELEMENTAIRE;2017-2018;178;2017-10-01
DOCTEUR TEILLAIS MATERNELLE;2017-2018;138;2017-10-01
GASTON SERPETTE MATERNELLE;2017-2018;116;2017-10-01
GEORGES LAFONT MATERNELLE;2017-2018;79;2017-10-01
GRAND CARCOUET PRIMAIRE;2017-2018;200;2017-10-01
HENRI BERGSON ELEMENTAIRE;2017-2018;156;2017-10-01
JEAN JAURES ELEMENTAIRE;2017-2018;135;2017-10-01
JEAN ZAY II MATERNELLE;2017-2018;113;2017-10-01
MULOTIERE ELEMENTAIRE;2017-2018;159;2017-10-01
PAULINE KERGOMARD MATERNELLE;2017-2018;110;2017-10-01
BATIGNOLLES MATERNELLE;2018-2019;108;2018-10-01
BOCCAGE ELEMENTAIRE;2018-2019;147;2018-10-01
BOTTIERE MATERNELLE;2018-2019;160;2018-10-01
CHAUVINIERE ELEMENTAIRE;2018-2019;177;2018-10-01
CHENE D'ARON MATERNELLE;2018-2019;84;2018-10-01
COUDRAY MATERNELLE;2018-2019;116;2018-10-01
DERVALLIERES CHEZINE ELEMENTAIRE;2018-2019;223;2018-10-01
FRATERNITE ELEMENTAIRE;2018-2019;300;2018-10-01
GASTON SERPETTE ELEMENTAIRE;2018-2019;239;2018-10-01
GUSTAVE ROCH MATERNELLE;2018-2019;105;2018-10-01
HENRI BERGSON MATERNELLE;2018-2019;186;2018-10-01
JACQUES PREVERT MATERNELLE;2018-2019;115;2018-10-01
LONGCHAMP PRIMAIRE;2018-2019;366;2018-10-01
PAULINE KERGOMARD MATERNELLE;2018-2019;114;2018-10-01
URBAIN LE VERRIER ELEMENTAIRE;2018-2019;257;2018-10-01
AGENETS MATERNELLE;2019-2020;134;2019-10-01
AMPERE PRIMAIRE;2019-2020;297;2019-10-01
BOCCAGE ELEMENTAIRE;2019-2020;133;2019-10-01
BOCCAGE MATERNELLE;2019-2020;87;2019-10-01
CHATAIGNIERS MATERNELLE;2019-2020;142;2019-10-01
CONTRIE ELEMENTAIRE;2019-2020;206;2019-10-01
DERVALLIERES CHEZINE MATERNELLE;2019-2020;145;2019-10-01
EMILE PEHANT ELEMENTAIRE;2019-2020;226;2019-10-01
EMILE PEHANT MATERNELLE;2019-2020;132;2019-10-01
HAROUYS PRIMAIRE;2019-2020;263;2019-10-01
JEAN ZAY ELEMENTAIRE;2019-2020;317;2019-10-01
JEAN ZAY II MATERNELLE;2019-2020;117;2019-10-01
MULOTIERE ELEMENTAIRE;2019-2020;151;2019-10-01
AMPERE PRIMAIRE;2010-2011;280;2010-10-01
ANGE GUEPIN ELEMENTAIRE;2010-2011;118;2010-10-01
BATIGNOLLES MATERNELLE;2010-2011;118;2010-10-01
CONTRIE ELEMENTAIRE;2010-2011;193;2010-10-01
DERVALLIERES CHEZINE MATERNELLE;2010-2011;140;2010-10-01
FELLONNEAU ELEMENTAIRE;2010-2011;142;2010-10-01
FELLONNEAU MATERNELLE;2010-2011;111;2010-10-01
FRANCOISE DOLTO PRIMAIRE;2010-2011;191;2010-10-01
FREDUREAU MATERNELLE;2010-2011;106;2010-10-01
GAY LUSSAC PRIMAIRE;2010-2011;228;2010-10-01
GEORGES BRASSENS MATERNELLE;2010-2011;116;2010-10-01
GRAND CARCOUET PRIMAIRE;2010-2011;141;2010-10-01
LOUISE MICHEL MATERNELLE;2010-2011;141;2010-10-01
PLESSIS CELLIER MATERNELLE;2010-2011;118;2010-10-01
PORT BOYER ELEMENTAIRE;2010-2011;165;2010-10-01
RUE NOIRE PRIMAIRE;2010-2011;183;2010-10-01
AMPERE PRIMAIRE;2011-2012;272;2011-10-01
BOCCAGE MATERNELLE;2011-2012;80;2011-10-01
BOTTIERE MATERNELLE;2011-2012;159;2011-10-01
CHENE D'ARON ELEMENTAIRE;2011-2012;132;2011-10-01
CONTRIE ELEMENTAIRE;2011-2012;180;2011-10-01
DOCTEUR TEILLAIS MATERNELLE;2011-2012;148;2011-10-01
FRANCOIS DALLET ELEMENTAIRE;2011-2012;196;2011-10-01
GRAND CARCOUET PRIMAIRE;2011-2012;130;2011-10-01
GUSTAVE ROCH ELEMENTAIRE;2011-2012;120;2011-10-01
HAROUYS ELEMENTAIRE;2011-2012;162;2011-10-01
HAROUYS MATERNELLE;2011-2012;90;2011-10-01
JACQUES PREVERT MATERNELLE;2011-2012;110;2011-10-01
JEAN ZAY ELEMENTAIRE;2011-2012;264;2011-10-01
JEAN ZAY I MATERNELLE;2011-2012;114;2011-10-01
LEDRU ROLLIN ELEMENTAIRE;2011-2012;312;2011-10-01
LINOT ELEMENTAIRE;2011-2012;111;2011-10-01
LOUIS PERGAUD MATERNELLE;2011-2012;146;2011-10-01
LOUISE MICHEL ELEMENTAIRE;2011-2012;214;2011-10-01
MAURICE MACE ELEMENTAIRE;2011-2012;316;2011-10-01
MUTUALITE ELEMENTAIRE;2011-2012;314;2011-10-01
PAULINE KERGOMARD MATERNELLE;2011-2012;114;2011-10-01
PLANTES MATERNELLE;2011-2012;93;2011-10-01
PLESSIS CELLIER ELEMENTAIRE;2011-2012;192;2011-10-01
STALINGRAD MATERNELLE;2011-2012;101;2011-10-01
URBAIN LE VERRIER ELEMENTAIRE;2011-2012;199;2011-10-01
ALPHONSE BRAUD PRIMAIRE;2012-2013;154;2012-10-01
CHATAIGNIERS ELEMENTAIRE;2012-2013;118;2012-10-01
DOCTEUR TEILLAIS MATERNELLE;2012-2013;138;2012-10-01
FRATERNITE ELEMENTAIRE;2012-2013;260;2012-10-01
FREDUREAU MATERNELLE;2012-2013;108;2012-10-01
HENRI BERGSON ELEMENTAIRE;2012-2013;98;2012-10-01
JACQUES TATI PRIMAIRE;2012-2013;226;2012-10-01
JEAN MOULIN ELEMENTAIRE;2012-2013;111;2012-10-01
JEAN ZAY ELEMENTAIRE;2012-2013;253;2012-10-01
JULIEN GRACQ PRIMAIRE;2012-2013;255;2012-10-01
LOUISE MICHEL ELEMENTAIRE;2012-2013;205;2012-10-01
MAURICE MACE ELEMENTAIRE;2012-2013;308;2012-10-01
PORT BOYER ELEMENTAIRE;2012-2013;156;2012-10-01
PORT BOYER MATERNELLE;2012-2013;136;2012-10-01
RUE NOIRE PRIMAIRE;2012-2013;185;2012-10-01
ALPHONSE BRAUD PRIMAIRE;2013-2014;157;2013-10-01
ANATOLE DE MONZIE ELEMENTAIRE;2013-2014;113;2013-10-01
ANGE GUEPIN ELEMENTAIRE;2013-2014;113;2013-10-01
COUDRAY ELEMENTAIRE;2013-2014;125;2013-10-01
DERVALLIERES CHEZINE ELEMENTAIRE;2013-2014;202;2013-10-01
FRATERNITE ELEMENTAIRE;2013-2014;281;2013-10-01
GASTON SERPETTE MATERNELLE;2013-2014;114;2013-10-01
GEORGES BRASSENS MATERNELLE;2013-2014;110;2013-10-01
JACQUES PREVERT MATERNELLE;2013-2014;115;2013-10-01
JONELIERE PRIMAIRE;2013-2014;186;2013-10-01
LAMORICIERE MATERNELLE;2013-2014;154;2013-10-01
LOUIS PERGAUD ELEMENTAIRE;2013-2014;225;2013-10-01
LOUISE MICHEL ELEMENTAIRE;2013-2014;207;2013-10-01
LUCIE AUBRAC ELEMENTAIRE;2013-2014;119;2013-10-01
MAISON NEUVE PRIMAIRE;2013-2014;184;2013-10-01
"MARSAUDERIES bilingue ""Français/Breton""";2013-2014;182;2013-10-01
SULLY ELEMENTAIRE;2013-2014;201;2013-10-01
CAMILLE CLAUDEL MATERNELLE;2014-2015;94;2014-10-01
CONTRIE ELEMENTAIRE;2014-2015;188;2014-10-01
EMILE PEHANT ELEMENTAIRE;2014-2015;171;2014-10-01
FRATERNITE ELEMENTAIRE;2014-2015;264;2014-10-01
GRAND CARCOUET PRIMAIRE;2014-2015;136;2014-10-01
LOUIS GUIOTTON MATERNELLE;2014-2015;89;2014-10-01
"MARSAUDERIES bilingue ""Français/Breton""";2014-2015;163;2014-10-01
MAURICE MACE MATERNELLE;2014-2015;198;2014-10-01
PAUL GAUGUIN PRIMAIRE;2014-2015;271;2014-10-01
VILLA MARIA PRIMAIRE;2014-2015;123;2014-10-01
AIME CESAIRE PRIMAIRE;2015-2016;184;2015-10-01
ALPHONSE BRAUD PRIMAIRE;2015-2016;153;2015-10-01
ANDRE LERMITE ELEMENTAIRE;2015-2016;191;2015-10-01
BATIGNOLLES MATERNELLE;2015-2016;102;2015-10-01
BOCCAGE MATERNELLE;2015-2016;84;2015-10-01
CHATAIGNIERS ELEMENTAIRE;2015-2016;127;2015-10-01
CHATAIGNIERS MATERNELLE;2015-2016;112;2015-10-01
DERVALLIERES CHEZINE ELEMENTAIRE;2015-2016;192;2015-10-01
EMILE PEHANT MATERNELLE;2015-2016;106;2015-10-01
GARENNES ELEMENTAIRE;2015-2016;153;2015-10-01
HENRI BERGSON MATERNELLE;2015-2016;113;2015-10-01
JACQUES PREVERT MATERNELLE;2015-2016;113;2015-10-01
LOUISE MICHEL ELEMENTAIRE;2015-2016;194;2015-10-01
PAULINE KERGOMARD MATERNELLE;2015-2016;101;2015-10-01
BAUT ELEMENTAIRE;2016-2017;123;2016-10-01
CHARLES LEBOURG PRIMAIRE;2016-2017;210;2016-10-01
COTE D'OR MATERNELLE;2016-2017;68;2016-10-01
FREDUREAU MATERNELLE;2016-2017;76;2016-10-01
GUSTAVE ROCH MATERNELLE;2016-2017;121;2016-10-01
HENRI BERGSON ELEMENTAIRE;2016-2017;156;2016-10-01
JEAN ZAY ELEMENTAIRE;2016-2017;275;2016-10-01
JEAN ZAY II MATERNELLE;2016-2017;118;2016-10-01
LINOT MATERNELLE;2016-2017;164;2016-10-01
LOUIS GUIOTTON MATERNELLE;2016-2017;89;2016-10-01
MARSAUDERIES ELEMENTAIRE;2016-2017;197;2016-10-01
MOLIERE MATERNELLE;2016-2017;129;2016-10-01
RUE NOIRE PRIMAIRE;2016-2017;184;2016-10-01
URBAIN LE VERRIER MATERNELLE;2016-2017;182;2016-10-01
BARBERIE MATERNELLE;2017-2018;72;2017-10-01
BAUT MATERNELLE;2017-2018;119;2017-10-01
BEAUJOIRE MATERNELLE;2017-2018;101;2017-10-01
CONTRIE MATERNELLE;2017-2018;119;2017-10-01
COUDRAY MATERNELLE;2017-2018;115;2017-10-01
FREDUREAU MATERNELLE;2017-2018;80;2017-10-01
GAY LUSSAC PRIMAIRE;2017-2018;240;2017-10-01
GUSTAVE ROCH ELEMENTAIRE;2017-2018;123;2017-10-01
JEAN MOULIN ELEMENTAIRE;2017-2018;155;2017-10-01
LEON BLUM ELEMENTAIRE;2017-2018;175;2017-10-01
LOUIS PERGAUD MATERNELLE;2017-2018;129;2017-10-01
LOUISE MICHEL ELEMENTAIRE;2017-2018;191;2017-10-01
MARSAUDERIES MATERNELLE;2017-2018;128;2017-10-01
MAURICE MACE ELEMENTAIRE;2017-2018;361;2017-10-01
REFORMES PRIMAIRE;2017-2018;158;2017-10-01
URBAIN LE VERRIER ELEMENTAIRE;2017-2018;228;2017-10-01
URBAIN LE VERRIER MATERNELLE;2017-2018;184;2017-10-01
AGENETS MATERNELLE;2018-2019;119;2018-10-01
CAMILLE CLAUDEL MATERNELLE;2018-2019;91;2018-10-01
CHAUVINIERE MATERNELLE;2018-2019;82;2018-10-01
CONTRIE ELEMENTAIRE;2018-2019;198;2018-10-01
EMILE PEHANT ELEMENTAIRE;2018-2019;208;2018-10-01
FELLONNEAU ELEMENTAIRE;2018-2019;160;2018-10-01
GUSTAVE ROCH ELEMENTAIRE;2018-2019;144;2018-10-01
JEAN ZAY II MATERNELLE;2018-2019;116;2018-10-01
JOSEPH BLANCHART MATERNELLE;2018-2019;110;2018-10-01
LAMORICIERE MATERNELLE;2018-2019;170;2018-10-01
LEON BLUM ELEMENTAIRE;2018-2019;158;2018-10-01
LOUIS PERGAUD ELEMENTAIRE;2018-2019;268;2018-10-01
MAURICE MACE ELEMENTAIRE;2018-2019;357;2018-10-01
MULOTIERE ELEMENTAIRE;2018-2019;152;2018-10-01
PORT BOYER MATERNELLE;2018-2019;148;2018-10-01
AIME CESAIRE PRIMAIRE;2019-2020;343;2019-10-01
CHENE D'ARON ELEMENTAIRE;2019-2020;158;2019-10-01
FRANCOIS DALLET ELEMENTAIRE;2019-2020;221;2019-10-01
FREDUREAU MATERNELLE;2019-2020;87;2019-10-01
GARENNES ELEMENTAIRE;2019-2020;160;2019-10-01
GUSTAVE ROCH MATERNELLE;2019-2020;105;2019-10-01
JACQUES PREVERT ELEMENTAIRE;2019-2020;140;2019-10-01
JOSEPH BLANCHART MATERNELLE;2019-2020;105;2019-10-01
JULIEN GRACQ PRIMAIRE;2019-2020;400;2019-10-01
LEDRU ROLLIN ELEMENTAIRE;2019-2020;351;2019-10-01
LEON SAY PRIMAIRE;2019-2020;320;2019-10-01
LINOT ELEMENTAIRE;2019-2020;224;2019-10-01
LOUIS PERGAUD MATERNELLE;2019-2020;138;2019-10-01
LOUISE MICHEL ELEMENTAIRE;2019-2020;213;2019-10-01
PLANTES ELEMENTAIRE;2019-2020;149;2019-10-01
BARBERIE MATERNELLE;2010-2011;84;2010-10-01
BATIGNOLLES ELEMENTAIRE;2010-2011;148;2010-10-01
COTE D'OR MATERNELLE;2010-2011;66;2010-10-01
EMILE PEHANT ELEMENTAIRE;2010-2011;174;2010-10-01
GARENNES ELEMENTAIRE;2010-2011;124;2010-10-01
JACQUES TATI PRIMAIRE;2010-2011;185;2010-10-01
JEAN ZAY II MATERNELLE;2010-2011;94;2010-10-01
LEDRU ROLLIN ELEMENTAIRE;2010-2011;319;2010-10-01
LINOT MATERNELLE;2010-2011;71;2010-10-01
PLANTES ELEMENTAIRE;2010-2011;87;2010-10-01
URBAIN LE VERRIER MATERNELLE;2010-2011;172;2010-10-01
ANDRE LERMITE ELEMENTAIRE;2011-2012;162;2011-10-01
CHENE D'ARON MATERNELLE;2011-2012;79;2011-10-01
GEORGES BRASSENS MATERNELLE;2011-2012;102;2011-10-01
LOUIS PERGAUD ELEMENTAIRE;2011-2012;238;2011-10-01
BARBERIE MATERNELLE;2012-2013;79;2012-10-01
BATIGNOLLES ELEMENTAIRE;2012-2013;153;2012-10-01
CHATAIGNIERS MATERNELLE;2012-2013;93;2012-10-01
CHENE D'ARON MATERNELLE;2012-2013;81;2012-10-01
COUDRAY ELEMENTAIRE;2012-2013;116;2012-10-01
FRANCOIS DALLET ELEMENTAIRE;2012-2013;202;2012-10-01
GAY LUSSAC PRIMAIRE;2012-2013;206;2012-10-01
GEORGE SAND ELEMENTAIRE;2012-2013;222;2012-10-01
JEAN JAURES ELEMENTAIRE;2012-2013;121;2012-10-01
LINOT MATERNELLE;2012-2013;90;2012-10-01
LOUIS GUIOTTON MATERNELLE;2012-2013;87;2012-10-01
MAISDON PAJOT MATERNELLE;2012-2013;197;2012-10-01
MOLIERE MATERNELLE;2012-2013;131;2012-10-01
SULLY MATERNELLE;2012-2013;156;2012-10-01
"BATIGNOLLES bilingue ""Français/Breton""";2013-2014;19;2013-10-01
BOCCAGE ELEMENTAIRE;2013-2014;135;2013-10-01
CHARLES LEBOURG PRIMAIRE;2013-2014;213;2013-10-01
COUDRAY MATERNELLE;2013-2014;108;2013-10-01
EMILE PEHANT MATERNELLE;2013-2014;115;2013-10-01
FREDUREAU MATERNELLE;2013-2014;103;2013-10-01
JACQUES PREVERT ELEMENTAIRE;2013-2014;131;2013-10-01
JEAN MOULIN MATERNELLE;2013-2014;152;2013-10-01
LEON BLUM ELEMENTAIRE;2013-2014;175;2013-10-01
LEON SAY MATERNELLE;2013-2014;116;2013-10-01
LINOT ELEMENTAIRE;2013-2014;152;2013-10-01
LINOT MATERNELLE;2013-2014;93;2013-10-01
MARSAUDERIES ELEMENTAIRE;2013-2014;180;2013-10-01
PAULINE KERGOMARD MATERNELLE;2013-2014;107;2013-10-01
SULLY MATERNELLE;2013-2014;153;2013-10-01
AMPERE PRIMAIRE;2014-2015;273;2014-10-01
BOTTIERE ELEMENTAIRE;2014-2015;186;2014-10-01
CHAUVINIERE MATERNELLE;2014-2015;101;2014-10-01
DERVALLIERES CHEZINE ELEMENTAIRE;2014-2015;192;2014-10-01
FONTENY MATERNELLE;2014-2015;144;2014-10-01
JACQUES PREVERT MATERNELLE;2014-2015;111;2014-10-01
JOSEPH BLANCHART MATERNELLE;2014-2015;105;2014-10-01
LEDRU ROLLIN ELEMENTAIRE;2014-2015;312;2014-10-01
LOUIS PERGAUD MATERNELLE;2014-2015;167;2014-10-01
MARSAUDERIES ELEMENTAIRE;2014-2015;188;2014-10-01
MUTUALITE ELEMENTAIRE;2014-2015;304;2014-10-01
PLESSIS CELLIER ELEMENTAIRE;2014-2015;193;2014-10-01
SARAH BERNHARDT MATERNELLE;2014-2015;226;2014-10-01
STALINGRAD ELEMENTAIRE;2014-2015;136;2014-10-01
STALINGRAD MATERNELLE;2014-2015;111;2014-10-01
ALAIN FOURNIER ELEMENTAIRE;2015-2016;161;2015-10-01
BEAUJOIRE ELEMENTAIRE;2015-2016;113;2015-10-01
CHARLES LEBOURG PRIMAIRE;2015-2016;215;2015-10-01
HENRI BERGSON ELEMENTAIRE;2015-2016;119;2015-10-01
JACQUES PREVERT ELEMENTAIRE;2015-2016;130;2015-10-01
JEAN MOULIN MATERNELLE;2015-2016;157;2015-10-01
JEAN ZAY I MATERNELLE;2015-2016;109;2015-10-01
JOSEPH BLANCHART MATERNELLE;2015-2016;113;2015-10-01
LAMORICIERE MATERNELLE;2015-2016;143;2015-10-01
LEON SAY PRIMAIRE;2015-2016;322;2015-10-01
LINOT ELEMENTAIRE;2015-2016;193;2015-10-01
PLANTES MATERNELLE;2015-2016;100;2015-10-01
STALINGRAD ELEMENTAIRE;2015-2016;137;2015-10-01
STALINGRAD MATERNELLE;2015-2016;114;2015-10-01
AGENETS ELEMENTAIRE;2016-2017;207;2016-10-01
AGENETS MATERNELLE;2016-2017;132;2016-10-01
BATIGNOLLES ELEMENTAIRE;2016-2017;175;2016-10-01
FELLONNEAU MATERNELLE;2016-2017;90;2016-10-01
GEORGE SAND ELEMENTAIRE;2016-2017;225;2016-10-01
GEORGES LAFONT MATERNELLE;2016-2017;86;2016-10-01
JEAN MOULIN ELEMENTAIRE;2016-2017;134;2016-10-01
LEON SAY PRIMAIRE;2016-2017;321;2016-10-01
MAISON NEUVE PRIMAIRE;2016-2017;217;2016-10-01
PLESSIS CELLIER MATERNELLE;2016-2017;118;2016-10-01
STALINGRAD ELEMENTAIRE;2016-2017;137;2016-10-01
SULLY MATERNELLE;2016-2017;149;2016-10-01
CHAMPENOIS ELEMENTAIRE;2017-2018;178;2017-10-01
DERVALLIERES CHEZINE ELEMENTAIRE;2017-2018;205;2017-10-01
EMILE PEHANT MATERNELLE;2017-2018;142;2017-10-01
FONTENY MATERNELLE;2017-2018;148;2017-10-01
FRATERNITE ELEMENTAIRE;2017-2018;299;2017-10-01
GEORGES BRASSENS MATERNELLE;2017-2018;115;2017-10-01
JEAN ZAY ELEMENTAIRE;2017-2018;292;2017-10-01
JULIEN GRACQ PRIMAIRE;2017-2018;403;2017-10-01
LEDRU ROLLIN ELEMENTAIRE;2017-2018;358;2017-10-01
LONGCHAMP PRIMAIRE;2017-2018;378;2017-10-01
LOUISE MICHEL MATERNELLE;2017-2018;143;2017-10-01
MUTUALITE ELEMENTAIRE;2017-2018;352;2017-10-01
RUE NOIRE PRIMAIRE;2017-2018;192;2017-10-01
ALAIN FOURNIER ELEMENTAIRE;2018-2019;190;2018-10-01
BAUT MATERNELLE;2018-2019;104;2018-10-01
BEAUJOIRE ELEMENTAIRE;2018-2019;146;2018-10-01
BEAUJOIRE MATERNELLE;2018-2019;88;2018-10-01
CHATAIGNIERS MATERNELLE;2018-2019;141;2018-10-01
COUDRAY ELEMENTAIRE;2018-2019;179;2018-10-01
DERVALLIERES CHEZINE MATERNELLE;2018-2019;144;2018-10-01
FONTENY MATERNELLE;2018-2019;139;2018-10-01
FREDUREAU MATERNELLE;2018-2019;82;2018-10-01
JEAN MOULIN ELEMENTAIRE;2018-2019;186;2018-10-01
JEAN MOULIN MATERNELLE;2018-2019;207;2018-10-01
LOUISE MICHEL ELEMENTAIRE;2018-2019;186;2018-10-01
LUCIE AUBRAC MATERNELLE;2018-2019;136;2018-10-01
PLANTES ELEMENTAIRE;2018-2019;143;2018-10-01
PLESSIS CELLIER MATERNELLE;2018-2019;137;2018-10-01
AGENETS ELEMENTAIRE;2019-2020;209;2019-10-01
ALAIN FOURNIER MATERNELLE;2019-2020;134;2019-10-01
BARBERIE MATERNELLE;2019-2020;69;2019-10-01
BAUT MATERNELLE;2019-2020;98;2019-10-01
BEAUJOIRE MATERNELLE;2019-2020;106;2019-10-01
CHENE D'ARON MATERNELLE;2019-2020;84;2019-10-01
COUDRAY ELEMENTAIRE;2019-2020;185;2019-10-01
FELLONNEAU MATERNELLE;2019-2020;133;2019-10-01
FRANCOISE DOLTO PRIMAIRE;2019-2020;262;2019-10-01
GASTON SERPETTE MATERNELLE;2019-2020;115;2019-10-01
GAY LUSSAC PRIMAIRE;2019-2020;244;2019-10-01
GEORGES BRASSENS MATERNELLE;2019-2020;110;2019-10-01
HENRI BERGSON MATERNELLE;2019-2020;195;2019-10-01
JACQUES PREVERT MATERNELLE;2019-2020;141;2019-10-01
JACQUES TATI PRIMAIRE;2019-2020;352;2019-10-01
LEON BLUM ELEMENTAIRE;2019-2020;152;2019-10-01
MAISDON PAJOT MATERNELLE;2019-2020;193;2019-10-01
PLESSIS CELLIER MATERNELLE;2019-2020;139;2019-10-01
RUE NOIRE PRIMAIRE;2019-2020;174;2019-10-01
BARBERIE-MULOTIERE ELEMENTAIRE;2010-2011;159;2010-10-01
BOTTIERE MATERNELLE;2010-2011;162;2010-10-01
CONTRIE MATERNELLE;2010-2011;106;2010-10-01
FRATERNITE ELEMENTAIRE;2010-2011;261;2010-10-01
HAROUYS ELEMENTAIRE;2010-2011;167;2010-10-01
HAROUYS MATERNELLE;2010-2011;89;2010-10-01
JACQUES PREVERT MATERNELLE;2010-2011;118;2010-10-01
JEAN JAURES ELEMENTAIRE;2010-2011;121;2010-10-01
JONELIERE PRIMAIRE;2010-2011;196;2010-10-01
LAMORICIERE MATERNELLE;2010-2011;139;2010-10-01
MARSAUDERIES MATERNELLE;2010-2011;217;2010-10-01
SULLY ELEMENTAIRE;2010-2011;210;2010-10-01
SULLY MATERNELLE;2010-2011;123;2010-10-01
CHARLES LEBOURG PRIMAIRE;2011-2012;177;2011-10-01
CHATAIGNIERS ELEMENTAIRE;2011-2012;123;2011-10-01
CHAUVINIERE ELEMENTAIRE;2011-2012;148;2011-10-01
COTE D'OR MATERNELLE;2011-2012;74;2011-10-01
COUDRAY MATERNELLE;2011-2012;105;2011-10-01
DERVALLIERES CHEZINE ELEMENTAIRE;2011-2012;176;2011-10-01
EMILE PEHANT ELEMENTAIRE;2011-2012;183;2011-10-01
EMILE PEHANT MATERNELLE;2011-2012;112;2011-10-01
GASTON SERPETTE MATERNELLE;2011-2012;118;2011-10-01
GEORGE SAND ELEMENTAIRE;2011-2012;205;2011-10-01
GUSTAVE ROCH MATERNELLE;2011-2012;129;2011-10-01
JEAN ZAY II MATERNELLE;2011-2012;90;2011-10-01
JULIEN GRACQ PRIMAIRE;2011-2012;185;2011-10-01
LEON SAY MATERNELLE;2011-2012;118;2011-10-01
LINOT MATERNELLE;2011-2012;77;2011-10-01
MARSAUDERIES MATERNELLE;2011-2012;127;2011-10-01
PLANTES ELEMENTAIRE;2011-2012;111;2011-10-01
PLESSIS CELLIER MATERNELLE;2011-2012;120;2011-10-01
ALAIN FOURNIER MATERNELLE;2012-2013;119;2012-10-01
ANATOLE DE MONZIE ELEMENTAIRE;2012-2013;102;2012-10-01
ANGE GUEPIN ELEMENTAIRE;2012-2013;122;2012-10-01
"BATIGNOLLES bilingue ""Français/Breton""";2012-2013;19;2012-10-01
BOCCAGE MATERNELLE;2012-2013;83;2012-10-01
CHAUVINIERE MATERNELLE;2012-2013;108;2012-10-01
CHENE D'ARON ELEMENTAIRE;2012-2013;133;2012-10-01
CONTRIE MATERNELLE;2012-2013;102;2012-10-01
COUDRAY MATERNELLE;2012-2013;99;2012-10-01
GASTON SERPETTE MATERNELLE;2012-2013;107;2012-10-01
LINOT ELEMENTAIRE;2012-2013;133;2012-10-01
MARSAUDERIES MATERNELLE;2012-2013;133;2012-10-01
MAURICE MACE MATERNELLE;2012-2013;200;2012-10-01
PLANTES MATERNELLE;2012-2013;96;2012-10-01
PLESSIS CELLIER ELEMENTAIRE;2012-2013;179;2012-10-01
REFORMES PRIMAIRE;2012-2013;123;2012-10-01
STALINGRAD MATERNELLE;2012-2013;118;2012-10-01
URBAIN LE VERRIER MATERNELLE;2012-2013;167;2012-10-01
ALAIN FOURNIER ELEMENTAIRE;2013-2014;152;2013-10-01
AMPERE PRIMAIRE;2013-2014;281;2013-10-01
CHENE D'ARON MATERNELLE;2013-2014;87;2013-10-01
FRANCOIS DALLET ELEMENTAIRE;2013-2014;205;2013-10-01
GEORGE SAND ELEMENTAIRE;2013-2014;216;2013-10-01
HENRI BERGSON MATERNELLE;2013-2014;102;2013-10-01
PLESSIS CELLIER ELEMENTAIRE;2013-2014;180;2013-10-01
STALINGRAD MATERNELLE;2013-2014;106;2013-10-01
AGENETS MATERNELLE;2014-2015;132;2014-10-01
ALPHONSE BRAUD PRIMAIRE;2014-2015;141;2014-10-01
CHATAIGNIERS MATERNELLE;2014-2015;92;2014-10-01
CHENE D'ARON MATERNELLE;2014-2015;86;2014-10-01
COUDRAY MATERNELLE;2014-2015;103;2014-10-01
FELLONNEAU ELEMENTAIRE;2014-2015;154;2014-10-01
FELLONNEAU MATERNELLE;2014-2015;93;2014-10-01
GARENNES ELEMENTAIRE;2014-2015;141;2014-10-01
GAY LUSSAC PRIMAIRE;2014-2015;227;2014-10-01
LEON SAY ELEMENTAIRE;2014-2015;204;2014-10-01
MAURICE MACE ELEMENTAIRE;2014-2015;333;2014-10-01
URBAIN LE VERRIER ELEMENTAIRE;2014-2015;229;2014-10-01
ANATOLE DE MONZIE ELEMENTAIRE;2015-2016;122;2015-10-01
BAUT MATERNELLE;2015-2016;97;2015-10-01
BEAUJOIRE MATERNELLE;2015-2016;92;2015-10-01
CHAMPENOIS ELEMENTAIRE;2015-2016;147;2015-10-01
CONTRIE MATERNELLE;2015-2016;119;2015-10-01
FELLONNEAU ELEMENTAIRE;2015-2016;160;2015-10-01
FRATERNITE ELEMENTAIRE;2015-2016;280;2015-10-01
GEORGE SAND ELEMENTAIRE;2015-2016;214;2015-10-01
GRAND CARCOUET PRIMAIRE;2015-2016;163;2015-10-01
GUSTAVE ROCH ELEMENTAIRE;2015-2016;102;2015-10-01
JEAN MOULIN ELEMENTAIRE;2015-2016;130;2015-10-01
JULIEN GRACQ PRIMAIRE;2015-2016;391;2015-10-01
MARSAUDERIES MATERNELLE;2015-2016;152;2015-10-01
MAURICE MACE ELEMENTAIRE;2015-2016;326;2015-10-01
ANGE GUEPIN ELEMENTAIRE;2016-2017;115;2016-10-01
BEAUJOIRE MATERNELLE;2016-2017;92;2016-10-01
CHATAIGNIERS ELEMENTAIRE;2016-2017;124;2016-10-01
CHENE D'ARON ELEMENTAIRE;2016-2017;162;2016-10-01
GRAND CARCOUET PRIMAIRE;2016-2017;173;2016-10-01
HAROUYS PRIMAIRE;2016-2017;267;2016-10-01
JEAN JAURES ELEMENTAIRE;2016-2017;133;2016-10-01
JONELIERE PRIMAIRE;2016-2017;180;2016-10-01
LAMORICIERE MATERNELLE;2016-2017;149;2016-10-01
LUCIE AUBRAC ELEMENTAIRE;2016-2017;133;2016-10-01
MULOTIERE ELEMENTAIRE;2016-2017;171;2016-10-01
PORT BOYER MATERNELLE;2016-2017;152;2016-10-01
REFORMES PRIMAIRE;2016-2017;149;2016-10-01
AIME CESAIRE PRIMAIRE;2017-2018;228;2017-10-01
ALPHONSE BRAUD PRIMAIRE;2017-2018;178;2017-10-01
AMPERE PRIMAIRE;2017-2018;295;2017-10-01
CAMILLE CLAUDEL MATERNELLE;2017-2018;91;2017-10-01
CHATAIGNIERS MATERNELLE;2017-2018;125;2017-10-01
COTE D'OR MATERNELLE;2017-2018;69;2017-10-01
EMILE PEHANT ELEMENTAIRE;2017-2018;207;2017-10-01
GUSTAVE ROCH MATERNELLE;2017-2018;111;2017-10-01
LOUIS GUIOTTON MATERNELLE;2017-2018;110;2017-10-01
PLANTES MATERNELLE;2017-2018;99;2017-10-01
PLESSIS CELLIER MATERNELLE;2017-2018;115;2017-10-01
SARAH BERNHARDT MATERNELLE;2017-2018;219;2017-10-01
SULLY MATERNELLE;2017-2018;147;2017-10-01
ALAIN FOURNIER MATERNELLE;2018-2019;134;2018-10-01
ALPHONSE BRAUD PRIMAIRE;2018-2019;182;2018-10-01
CONTRIE MATERNELLE;2018-2019;117;2018-10-01
FRANCOIS DALLET ELEMENTAIRE;2018-2019;222;2018-10-01
GEORGES LAFONT MATERNELLE;2018-2019;78;2018-10-01
JACQUES TATI PRIMAIRE;2018-2019;297;2018-10-01
LUCIE AUBRAC ELEMENTAIRE;2018-2019;151;2018-10-01
MAISDON PAJOT MATERNELLE;2018-2019;201;2018-10-01
PLANTES MATERNELLE;2018-2019;119;2018-10-01
PORT BOYER ELEMENTAIRE;2018-2019;180;2018-10-01
RUE NOIRE PRIMAIRE;2018-2019;176;2018-10-01
VILLA MARIA PRIMAIRE;2018-2019;115;2018-10-01
BATIGNOLLES PRIMAIRE;2019-2020;284;2019-10-01
"BATIGNOLLES bilingue ""Français/Breton""";2019-2020;60;2019-10-01
BEAUJOIRE ELEMENTAIRE;2019-2020;136;2019-10-01
GEORGE SAND ELEMENTAIRE;2019-2020;255;2019-10-01
JEAN MOULIN ELEMENTAIRE;2019-2020;187;2019-10-01
LUCIE AUBRAC ELEMENTAIRE;2019-2020;171;2019-10-01
MAURICE MACE ELEMENTAIRE;2019-2020;335;2019-10-01
SULLY ELEMENTAIRE;2019-2020;212;2019-10-01
AGENETS MATERNELLE;2010-2011;129;2010-10-01
ANDRE LERMITE ELEMENTAIRE;2010-2011;164;2010-10-01
BAUT MATERNELLE;2010-2011;77;2010-10-01
BOTTIERE ELEMENTAIRE;2010-2011;172;2010-10-01
CHATAIGNIERS MATERNELLE;2010-2011;85;2010-10-01
CHAUVINIERE ELEMENTAIRE;2010-2011;140;2010-10-01
GASTON SERPETTE MATERNELLE;2010-2011;113;2010-10-01
GEORGES LAFONT MATERNELLE;2010-2011;80;2010-10-01
LEON BLUM ELEMENTAIRE;2010-2011;177;2010-10-01
LEON SAY ELEMENTAIRE;2010-2011;211;2010-10-01
LOUISE MICHEL ELEMENTAIRE;2010-2011;224;2010-10-01
MAURICE MACE ELEMENTAIRE;2010-2011;293;2010-10-01
MOLIERE MATERNELLE;2010-2011;123;2010-10-01
MUTUALITE ELEMENTAIRE;2010-2011;330;2010-10-01
REFORMES PRIMAIRE;2010-2011;119;2010-10-01
STALINGRAD MATERNELLE;2010-2011;103;2010-10-01
BARBERIE MATERNELLE;2011-2012;88;2011-10-01
BAUT MATERNELLE;2011-2012;72;2011-10-01
BEAUJOIRE MATERNELLE;2011-2012;98;2011-10-01
CAMILLE CLAUDEL MATERNELLE;2011-2012;84;2011-10-01
FONTENY MATERNELLE;2011-2012;147;2011-10-01
FRANCOISE DOLTO PRIMAIRE;2011-2012;198;2011-10-01
JACQUES PREVERT ELEMENTAIRE;2011-2012;124;2011-10-01
JEAN MOULIN MATERNELLE;2011-2012;160;2011-10-01
LOUIS GUIOTTON MATERNELLE;2011-2012;83;2011-10-01
PAUL GAUGUIN PRIMAIRE;2011-2012;244;2011-10-01
URBAIN LE VERRIER MATERNELLE;2011-2012;163;2011-10-01
AMPERE PRIMAIRE;2012-2013;265;2012-10-01
BARBERIE-MULOTIERE ELEMENTAIRE;2012-2013;167;2012-10-01
FELLONNEAU MATERNELLE;2012-2013;104;2012-10-01
GARENNES ELEMENTAIRE;2012-2013;124;2012-10-01
GUSTAVE ROCH MATERNELLE;2012-2013;98;2012-10-01
HAROUYS PRIMAIRE;2012-2013;251;2012-10-01
JACQUES PREVERT ELEMENTAIRE;2012-2013;124;2012-10-01
JACQUES PREVERT MATERNELLE;2012-2013;113;2012-10-01
LUCIE AUBRAC MATERNELLE;2012-2013;91;2012-10-01
MAISON NEUVE PRIMAIRE;2012-2013;193;2012-10-01
PAUL GAUGUIN PRIMAIRE;2012-2013;258;2012-10-01
PAULINE KERGOMARD MATERNELLE;2012-2013;107;2012-10-01
VILLA MARIA PRIMAIRE;2012-2013;111;2012-10-01
AIME CESAIRE PRIMAIRE;2013-2014;111;2013-10-01
BAUT ELEMENTAIRE;2013-2014;120;2013-10-01
BEAUJOIRE MATERNELLE;2013-2014;101;2013-10-01
CHATAIGNIERS MATERNELLE;2013-2014;98;2013-10-01
CHAUVINIERE MATERNELLE;2013-2014;114;2013-10-01
DERVALLIERES CHEZINE MATERNELLE;2013-2014;166;2013-10-01
GUSTAVE ROCH MATERNELLE;2013-2014;121;2013-10-01
LONGCHAMP PRIMAIRE;2013-2014;409;2013-10-01
LOUIS GUIOTTON MATERNELLE;2013-2014;87;2013-10-01
MAURICE MACE MATERNELLE;2013-2014;213;2013-10-01
MUTUALITE ELEMENTAIRE;2013-2014;319;2013-10-01
PAUL GAUGUIN PRIMAIRE;2013-2014;271;2013-10-01
PLANTES MATERNELLE;2013-2014;101;2013-10-01
ALAIN FOURNIER ELEMENTAIRE;2014-2015;156;2014-10-01
ANDRE LERMITE ELEMENTAIRE;2014-2015;212;2014-10-01
ANGE GUEPIN ELEMENTAIRE;2014-2015;113;2014-10-01
BATIGNOLLES MATERNELLE;2014-2015;100;2014-10-01
BEAUJOIRE ELEMENTAIRE;2014-2015;108;2014-10-01
COTE D'OR MATERNELLE;2014-2015;69;2014-10-01
GEORGE SAND ELEMENTAIRE;2014-2015;207;2014-10-01
GUSTAVE ROCH MATERNELLE;2014-2015;106;2014-10-01
HAROUYS PRIMAIRE;2014-2015;260;2014-10-01
JEAN MOULIN MATERNELLE;2014-2015;158;2014-10-01
LAMORICIERE MATERNELLE;2014-2015;138;2014-10-01
LEON SAY MATERNELLE;2014-2015;118;2014-10-01
LONGCHAMP PRIMAIRE;2014-2015;402;2014-10-01
LOUIS PERGAUD ELEMENTAIRE;2014-2015;241;2014-10-01
LOUISE MICHEL MATERNELLE;2014-2015;132;2014-10-01
LUCIE AUBRAC MATERNELLE;2014-2015;91;2014-10-01
MULOTIERE ELEMENTAIRE;2014-2015;164;2014-10-01
PLANTES ELEMENTAIRE;2014-2015;135;2014-10-01
PORT BOYER MATERNELLE;2014-2015;147;2014-10-01
RUE NOIRE PRIMAIRE;2014-2015;184;2014-10-01
BARBERIE MATERNELLE;2015-2016;76;2015-10-01
BATIGNOLLES ELEMENTAIRE;2015-2016;173;2015-10-01
CAMILLE CLAUDEL MATERNELLE;2015-2016;92;2015-10-01
CHAUVINIERE ELEMENTAIRE;2015-2016;180;2015-10-01
CHENE D'ARON MATERNELLE;2015-2016;85;2015-10-01
GASTON SERPETTE ELEMENTAIRE;2015-2016;222;2015-10-01
GEORGES BRASSENS MATERNELLE;2015-2016;114;2015-10-01
JEAN ZAY ELEMENTAIRE;2015-2016;267;2015-10-01
LOUIS PERGAUD ELEMENTAIRE;2015-2016;260;2015-10-01
LOUISE MICHEL MATERNELLE;2015-2016;140;2015-10-01
LUCIE AUBRAC MATERNELLE;2015-2016;81;2015-10-01
MULOTIERE ELEMENTAIRE;2015-2016;164;2015-10-01
PAUL GAUGUIN PRIMAIRE;2015-2016;288;2015-10-01
PORT BOYER MATERNELLE;2015-2016;162;2015-10-01
SULLY ELEMENTAIRE;2015-2016;209;2015-10-01
VILLA MARIA PRIMAIRE;2015-2016;125;2015-10-01
ALAIN FOURNIER ELEMENTAIRE;2016-2017;153;2016-10-01
ALPHONSE BRAUD PRIMAIRE;2016-2017;161;2016-10-01
"BATIGNOLLES bilingue ""Français/Breton""";2016-2017;34;2016-10-01
BAUT MATERNELLE;2016-2017;93;2016-10-01
CHAMPENOIS ELEMENTAIRE;2016-2017;151;2016-10-01
CHATAIGNIERS MATERNELLE;2016-2017;112;2016-10-01
COUDRAY MATERNELLE;2016-2017;115;2016-10-01
GEORGES BRASSENS MATERNELLE;2016-2017;117;2016-10-01
JULIEN GRACQ PRIMAIRE;2016-2017;417;2016-10-01
LOUIS PERGAUD ELEMENTAIRE;2016-2017;262;2016-10-01
STALINGRAD MATERNELLE;2016-2017;108;2016-10-01
AGENETS ELEMENTAIRE;2017-2018;211;2017-10-01
ANDRE LERMITE ELEMENTAIRE;2017-2018;201;2017-10-01
BOCCAGE ELEMENTAIRE;2017-2018;159;2017-10-01
BOCCAGE MATERNELLE;2017-2018;73;2017-10-01
BOTTIERE ELEMENTAIRE;2017-2018;188;2017-10-01
DERVALLIERES CHEZINE MATERNELLE;2017-2018;149;2017-10-01
FELLONNEAU ELEMENTAIRE;2017-2018;162;2017-10-01
FRANCOISE DOLTO PRIMAIRE;2017-2018;254;2017-10-01
HAROUYS PRIMAIRE;2017-2018;269;2017-10-01
JACQUES PREVERT MATERNELLE;2017-2018;114;2017-10-01
JEAN MOULIN MATERNELLE;2017-2018;209;2017-10-01
LINOT ELEMENTAIRE;2017-2018;234;2017-10-01
MAISON NEUVE PRIMAIRE;2017-2018;198;2017-10-01
MARSAUDERIES ELEMENTAIRE;2017-2018;201;2017-10-01
MAURICE MACE MATERNELLE;2017-2018;193;2017-10-01
MOLIERE MATERNELLE;2017-2018;107;2017-10-01
PAUL GAUGUIN PRIMAIRE;2017-2018;274;2017-10-01
STALINGRAD ELEMENTAIRE;2017-2018;136;2017-10-01
STALINGRAD MATERNELLE;2017-2018;105;2017-10-01
AIME CESAIRE PRIMAIRE;2018-2019;281;2018-10-01
ANATOLE DE MONZIE ELEMENTAIRE;2018-2019;129;2018-10-01
ANDRE LERMITE ELEMENTAIRE;2018-2019;207;2018-10-01
BATIGNOLLES ELEMENTAIRE;2018-2019;168;2018-10-01
BAUT ELEMENTAIRE;2018-2019;142;2018-10-01
EMILE PEHANT MATERNELLE;2018-2019;138;2018-10-01
GASTON SERPETTE MATERNELLE;2018-2019;117;2018-10-01
GEORGES BRASSENS MATERNELLE;2018-2019;110;2018-10-01
JEAN ZAY ELEMENTAIRE;2018-2019;305;2018-10-01
JONELIERE PRIMAIRE;2018-2019;170;2018-10-01
JULIEN GRACQ PRIMAIRE;2018-2019;404;2018-10-01
LEDRU ROLLIN ELEMENTAIRE;2018-2019;348;2018-10-01
PAUL GAUGUIN PRIMAIRE;2018-2019;277;2018-10-01
SARAH BERNHARDT MATERNELLE;2018-2019;219;2018-10-01
ANGE GUEPIN ELEMENTAIRE;2019-2020;111;2019-10-01
BAUT ELEMENTAIRE;2019-2020;152;2019-10-01
BOTTIERE ELEMENTAIRE;2019-2020;199;2019-10-01
CHAMPENOIS ELEMENTAIRE;2019-2020;169;2019-10-01
CHARLES LEBOURG PRIMAIRE;2019-2020;178;2019-10-01
CONTRIE MATERNELLE;2019-2020;138;2019-10-01
DERVALLIERES CHEZINE ELEMENTAIRE;2019-2020;212;2019-10-01
GASTON SERPETTE ELEMENTAIRE;2019-2020;231;2019-10-01
GEORGES LAFONT MATERNELLE;2019-2020;82;2019-10-01
JEAN JAURES ELEMENTAIRE;2019-2020;124;2019-10-01
JONELIERE PRIMAIRE;2019-2020;179;2019-10-01
"MARSAUDERIES bilingue ""Français/Breton""";2019-2020;159;2019-10-01
STALINGRAD ELEMENTAIRE;2019-2020;119;2019-10-01
STALINGRAD MATERNELLE;2019-2020;103;2019-10-01
ALPHONSE BRAUD PRIMAIRE;2010-2011;139;2010-10-01
BOCCAGE MATERNELLE;2010-2011;83;2010-10-01
CHATAIGNIERS ELEMENTAIRE;2010-2011;112;2010-10-01
CHAUVINIERE MATERNELLE;2010-2011;94;2010-10-01
CHENE D'ARON ELEMENTAIRE;2010-2011;145;2010-10-01
GASTON SERPETTE ELEMENTAIRE;2010-2011;197;2010-10-01
GEORGE SAND ELEMENTAIRE;2010-2011;213;2010-10-01
HENRI BERGSON ELEMENTAIRE;2010-2011;130;2010-10-01
JACQUES PREVERT ELEMENTAIRE;2010-2011;116;2010-10-01
JEAN MOULIN ELEMENTAIRE;2010-2011;108;2010-10-01
JEAN ZAY I MATERNELLE;2010-2011;119;2010-10-01
JULIEN GRACQ PRIMAIRE;2010-2011;141;2010-10-01
LOUIS GUIOTTON MATERNELLE;2010-2011;81;2010-10-01
LUCIE AUBRAC MATERNELLE;2010-2011;93;2010-10-01
MAISDON PAJOT MATERNELLE;2010-2011;199;2010-10-01
MAURICE MACE MATERNELLE;2010-2011;197;2010-10-01
URBAIN LE VERRIER ELEMENTAIRE;2010-2011;195;2010-10-01
AGENETS ELEMENTAIRE;2011-2012;188;2011-10-01
ALPHONSE BRAUD PRIMAIRE;2011-2012;158;2011-10-01
ANATOLE DE MONZIE ELEMENTAIRE;2011-2012;102;2011-10-01
ANGE GUEPIN ELEMENTAIRE;2011-2012;128;2011-10-01
"BATIGNOLLES bilingue ""Français/Breton""";2011-2012;17;2011-10-01
BAUT ELEMENTAIRE;2011-2012;102;2011-10-01
BOTTIERE ELEMENTAIRE;2011-2012;193;2011-10-01
COUDRAY ELEMENTAIRE;2011-2012;131;2011-10-01
GASTON SERPETTE ELEMENTAIRE;2011-2012;215;2011-10-01
GAY LUSSAC PRIMAIRE;2011-2012;241;2011-10-01
LUCIE AUBRAC MATERNELLE;2011-2012;91;2011-10-01
MOLIERE MATERNELLE;2011-2012;125;2011-10-01
RUE NOIRE PRIMAIRE;2011-2012;184;2011-10-01
STALINGRAD ELEMENTAIRE;2011-2012;125;2011-10-01
AGENETS MATERNELLE;2012-2013;132;2012-10-01
BEAUJOIRE ELEMENTAIRE;2012-2013;102;2012-10-01
BEAUJOIRE MATERNELLE;2012-2013;81;2012-10-01
BOCCAGE ELEMENTAIRE;2012-2013;135;2012-10-01
COTE D'OR MATERNELLE;2012-2013;65;2012-10-01
DERVALLIERES CHEZINE MATERNELLE;2012-2013;164;2012-10-01
EMILE PEHANT ELEMENTAIRE;2012-2013;162;2012-10-01
FONTENY MATERNELLE;2012-2013;138;2012-10-01
GASTON SERPETTE ELEMENTAIRE;2012-2013;217;2012-10-01
GUSTAVE ROCH ELEMENTAIRE;2012-2013;114;2012-10-01
HENRI BERGSON MATERNELLE;2012-2013;114;2012-10-01
JONELIERE PRIMAIRE;2012-2013;205;2012-10-01
LONGCHAMP PRIMAIRE;2012-2013;419;2012-10-01
LUCIE AUBRAC ELEMENTAIRE;2012-2013;117;2012-10-01
MARSAUDERIES ELEMENTAIRE;2012-2013;180;2012-10-01
PLESSIS CELLIER MATERNELLE;2012-2013;122;2012-10-01
SARAH BERNHARDT MATERNELLE;2012-2013;205;2012-10-01
STALINGRAD ELEMENTAIRE;2012-2013;125;2012-10-01
URBAIN LE VERRIER ELEMENTAIRE;2012-2013;219;2012-10-01
AGENETS MATERNELLE;2013-2014;131;2013-10-01
ALAIN FOURNIER MATERNELLE;2013-2014;115;2013-10-01
BOTTIERE ELEMENTAIRE;2013-2014;179;2013-10-01
CAMILLE CLAUDEL MATERNELLE;2013-2014;88;2013-10-01
CHATAIGNIERS ELEMENTAIRE;2013-2014;121;2013-10-01
CHAUVINIERE ELEMENTAIRE;2013-2014;170;2013-10-01
CHENE D'ARON ELEMENTAIRE;2013-2014;147;2013-10-01
EMILE PEHANT ELEMENTAIRE;2013-2014;159;2013-10-01
FRANCOISE DOLTO PRIMAIRE;2013-2014;205;2013-10-01
GARENNES ELEMENTAIRE;2013-2014;130;2013-10-01
GAY LUSSAC PRIMAIRE;2013-2014;228;2013-10-01
GEORGES LAFONT MATERNELLE;2013-2014;86;2013-10-01
HENRI BERGSON ELEMENTAIRE;2013-2014;104;2013-10-01
JEAN JAURES ELEMENTAIRE;2013-2014;134;2013-10-01
JEAN ZAY ELEMENTAIRE;2013-2014;274;2013-10-01
JEAN ZAY I MATERNELLE;2013-2014;110;2013-10-01
JOSEPH BLANCHART MATERNELLE;2013-2014;106;2013-10-01
PORT BOYER ELEMENTAIRE;2013-2014;157;2013-10-01
RUE NOIRE PRIMAIRE;2013-2014;191;2013-10-01
URBAIN LE VERRIER MATERNELLE;2013-2014;165;2013-10-01
VILLA MARIA PRIMAIRE;2013-2014;114;2013-10-01
AIME CESAIRE PRIMAIRE;2014-2015;159;2014-10-01
ALAIN FOURNIER MATERNELLE;2014-2015;112;2014-10-01
"BATIGNOLLES bilingue ""Français/Breton""";2014-2015;21;2014-10-01
BAUT MATERNELLE;2014-2015;94;2014-10-01
CHAMPENOIS ELEMENTAIRE;2014-2015;143;2014-10-01
CHARLES LEBOURG PRIMAIRE;2014-2015;223;2014-10-01
FREDUREAU MATERNELLE;2014-2015;96;2014-10-01
GASTON SERPETTE MATERNELLE;2014-2015;114;2014-10-01
JACQUES PREVERT ELEMENTAIRE;2014-2015;134;2014-10-01
JEAN MOULIN ELEMENTAIRE;2014-2015;135;2014-10-01
JEAN ZAY I MATERNELLE;2014-2015;112;2014-10-01
JEAN ZAY II MATERNELLE;2014-2015;94;2014-10-01
LOUISE MICHEL ELEMENTAIRE;2014-2015;203;2014-10-01
PLANTES MATERNELLE;2014-2015;100;2014-10-01
PORT BOYER ELEMENTAIRE;2014-2015;168;2014-10-01
URBAIN LE VERRIER MATERNELLE;2014-2015;164;2014-10-01
ALAIN FOURNIER MATERNELLE;2015-2016;114;2015-10-01
BOTTIERE MATERNELLE;2015-2016;160;2015-10-01
COTE D'OR MATERNELLE;2015-2016;68;2015-10-01
JEAN JAURES ELEMENTAIRE;2015-2016;131;2015-10-01
JEAN ZAY II MATERNELLE;2015-2016;111;2015-10-01
LOUIS GUIOTTON MATERNELLE;2015-2016;88;2015-10-01
LUCIE AUBRAC ELEMENTAIRE;2015-2016;144;2015-10-01
MAISDON PAJOT MATERNELLE;2015-2016;200;2015-10-01
MAISON NEUVE PRIMAIRE;2015-2016;194;2015-10-01
"MARSAUDERIES bilingue ""Français/Breton""";2015-2016;181;2015-10-01
MAURICE MACE MATERNELLE;2015-2016;202;2015-10-01
MOLIERE MATERNELLE;2015-2016;128;2015-10-01
PLESSIS CELLIER MATERNELLE;2015-2016;134;2015-10-01
REFORMES PRIMAIRE;2015-2016;133;2015-10-01
SULLY MATERNELLE;2015-2016;134;2015-10-01
AIME CESAIRE PRIMAIRE;2016-2017;221;2016-10-01
BARBERIE MATERNELLE;2016-2017;62;2016-10-01
BOTTIERE ELEMENTAIRE;2016-2017;186;2016-10-01
CHAUVINIERE MATERNELLE;2016-2017;106;2016-10-01
CONTRIE MATERNELLE;2016-2017;108;2016-10-01
COUDRAY ELEMENTAIRE;2016-2017;166;2016-10-01
DERVALLIERES CHEZINE ELEMENTAIRE;2016-2017;206;2016-10-01
FELLONNEAU ELEMENTAIRE;2016-2017;151;2016-10-01
FONTENY MATERNELLE;2016-2017;147;2016-10-01
FRANCOISE DOLTO PRIMAIRE;2016-2017;222;2016-10-01
GASTON SERPETTE MATERNELLE;2016-2017;118;2016-10-01
GAY LUSSAC PRIMAIRE;2016-2017;233;2016-10-01
LOUISE MICHEL ELEMENTAIRE;2016-2017;191;2016-10-01
LOUISE MICHEL MATERNELLE;2016-2017;147;2016-10-01
PLESSIS CELLIER ELEMENTAIRE;2016-2017;186;2016-10-01
SULLY ELEMENTAIRE;2016-2017;220;2016-10-01
AGENETS MATERNELLE;2017-2018;126;2017-10-01
"BATIGNOLLES bilingue ""Français/Breton""";2017-2018;43;2017-10-01
BOTTIERE MATERNELLE;2017-2018;166;2017-10-01
GARENNES ELEMENTAIRE;2017-2018;161;2017-10-01
GASTON SERPETTE ELEMENTAIRE;2017-2018;239;2017-10-01
GEORGE SAND ELEMENTAIRE;2017-2018;218;2017-10-01
HENRI BERGSON MATERNELLE;2017-2018;186;2017-10-01
LAMORICIERE MATERNELLE;2017-2018;150;2017-10-01
LEON SAY PRIMAIRE;2017-2018;327;2017-10-01
LUCIE AUBRAC ELEMENTAIRE;2017-2018;140;2017-10-01
PLESSIS CELLIER ELEMENTAIRE;2017-2018;178;2017-10-01
VILLA MARIA PRIMAIRE;2017-2018;114;2017-10-01
AMPERE PRIMAIRE;2018-2019;293;2018-10-01
CHARLES LEBOURG PRIMAIRE;2018-2019;183;2018-10-01
CHENE D'ARON ELEMENTAIRE;2018-2019;158;2018-10-01
FELLONNEAU MATERNELLE;2018-2019;110;2018-10-01
HAROUYS PRIMAIRE;2018-2019;272;2018-10-01
HENRI BERGSON ELEMENTAIRE;2018-2019;162;2018-10-01
JEAN JAURES ELEMENTAIRE;2018-2019;121;2018-10-01
JEAN ZAY I MATERNELLE;2018-2019;142;2018-10-01
LOUIS GUIOTTON MATERNELLE;2018-2019;106;2018-10-01
LOUISE MICHEL MATERNELLE;2018-2019;167;2018-10-01
SULLY MATERNELLE;2018-2019;132;2018-10-01
URBAIN LE VERRIER MATERNELLE;2018-2019;212;2018-10-01
ANATOLE DE MONZIE ELEMENTAIRE;2019-2020;133;2019-10-01
ANDRE LERMITE ELEMENTAIRE;2019-2020;194;2019-10-01
BOTTIERE MATERNELLE;2019-2020;165;2019-10-01
HENRI BERGSON ELEMENTAIRE;2019-2020;161;2019-10-01
LINOT MATERNELLE;2019-2020;141;2019-10-01
LONGCHAMP PRIMAIRE;2019-2020;394;2019-10-01
MAISON NEUVE PRIMAIRE;2019-2020;215;2019-10-01
MARSAUDERIES ELEMENTAIRE;2019-2020;209;2019-10-01
MAURICE MACE MATERNELLE;2019-2020;204;2019-10-01
MOLIERE MATERNELLE;2019-2020;100;2019-10-01
PLANTES MATERNELLE;2019-2020;115;2019-10-01
ALAIN FOURNIER ELEMENTAIRE;2010-2011;134;2010-10-01
ANATOLE DE MONZIE ELEMENTAIRE;2010-2011;86;2010-10-01
BEAUJOIRE MATERNELLE;2010-2011;97;2010-10-01
BOCCAGE ELEMENTAIRE;2010-2011;128;2010-10-01
CAMILLE CLAUDEL MATERNELLE;2010-2011;92;2010-10-01
CHAMPENOIS ELEMENTAIRE;2010-2011;116;2010-10-01
COUDRAY ELEMENTAIRE;2010-2011;123;2010-10-01
COUDRAY MATERNELLE;2010-2011;103;2010-10-01
DOCTEUR TEILLAIS MATERNELLE;2010-2011;141;2010-10-01
EMILE PEHANT MATERNELLE;2010-2011;105;2010-10-01
GUSTAVE ROCH ELEMENTAIRE;2010-2011;117;2010-10-01
JOSEPH BLANCHART MATERNELLE;2010-2011;101;2010-10-01
LEON SAY MATERNELLE;2010-2011;115;2010-10-01
LOUIS PERGAUD ELEMENTAIRE;2010-2011;259;2010-10-01
MARSAUDERIES ELEMENTAIRE;2010-2011;274;2010-10-01
PAUL GAUGUIN PRIMAIRE;2010-2011;244;2010-10-01
PAULINE KERGOMARD MATERNELLE;2010-2011;116;2010-10-01
BATIGNOLLES ELEMENTAIRE;2011-2012;156;2011-10-01
BATIGNOLLES MATERNELLE;2011-2012;97;2011-10-01
BEAUJOIRE ELEMENTAIRE;2011-2012;117;2011-10-01
CONTRIE MATERNELLE;2011-2012;107;2011-10-01
DERVALLIERES CHEZINE MATERNELLE;2011-2012;148;2011-10-01
GEORGES LAFONT MATERNELLE;2011-2012;69;2011-10-01
JACQUES TATI PRIMAIRE;2011-2012;193;2011-10-01
JEAN MOULIN ELEMENTAIRE;2011-2012;109;2011-10-01
JONELIERE PRIMAIRE;2011-2012;204;2011-10-01
JOSEPH BLANCHART MATERNELLE;2011-2012;97;2011-10-01
LAMORICIERE MATERNELLE;2011-2012;147;2011-10-01
LEON BLUM ELEMENTAIRE;2011-2012;168;2011-10-01
LUCIE AUBRAC ELEMENTAIRE;2011-2012;112;2011-10-01
MAISDON PAJOT MATERNELLE;2011-2012;200;2011-10-01
SARAH BERNHARDT MATERNELLE;2011-2012;208;2011-10-01
AGENETS ELEMENTAIRE;2012-2013;200;2012-10-01
AIME CESAIRE PRIMAIRE;2012-2013;83;2012-10-01
BAUT MATERNELLE;2012-2013;79;2012-10-01
CAMILLE CLAUDEL MATERNELLE;2012-2013;99;2012-10-01
CHAMPENOIS ELEMENTAIRE;2012-2013;111;2012-10-01
CHAUVINIERE ELEMENTAIRE;2012-2013;151;2012-10-01
EMILE PEHANT MATERNELLE;2012-2013;119;2012-10-01
FELLONNEAU ELEMENTAIRE;2012-2013;148;2012-10-01
FRANCOISE DOLTO PRIMAIRE;2012-2013;201;2012-10-01
LAMORICIERE MATERNELLE;2012-2013;148;2012-10-01
LEON BLUM ELEMENTAIRE;2012-2013;178;2012-10-01
LEON SAY ELEMENTAIRE;2012-2013;199;2012-10-01
PLANTES ELEMENTAIRE;2012-2013;98;2012-10-01
CHAMPENOIS ELEMENTAIRE;2013-2014;136;2013-10-01
FELLONNEAU ELEMENTAIRE;2013-2014;154;2013-10-01
GRAND CARCOUET PRIMAIRE;2013-2014;122;2013-10-01
HAROUYS PRIMAIRE;2013-2014;247;2013-10-01
JACQUES TATI PRIMAIRE;2013-2014;242;2013-10-01
LEDRU ROLLIN ELEMENTAIRE;2013-2014;313;2013-10-01
LUCIE AUBRAC MATERNELLE;2013-2014;96;2013-10-01
MAISDON PAJOT MATERNELLE;2013-2014;197;2013-10-01
MARSAUDERIES MATERNELLE;2013-2014;151;2013-10-01
MAURICE MACE ELEMENTAIRE;2013-2014;319;2013-10-01
MOLIERE MATERNELLE;2013-2014;134;2013-10-01
PLESSIS CELLIER MATERNELLE;2013-2014;120;2013-10-01
STALINGRAD ELEMENTAIRE;2013-2014;137;2013-10-01
ANATOLE DE MONZIE ELEMENTAIRE;2014-2015;124;2014-10-01
BATIGNOLLES ELEMENTAIRE;2014-2015;171;2014-10-01
BOCCAGE ELEMENTAIRE;2014-2015;151;2014-10-01
CHATAIGNIERS ELEMENTAIRE;2014-2015;122;2014-10-01
CHAUVINIERE ELEMENTAIRE;2014-2015;178;2014-10-01
COUDRAY ELEMENTAIRE;2014-2015;139;2014-10-01
DERVALLIERES CHEZINE MATERNELLE;2014-2015;149;2014-10-01
DOCTEUR TEILLAIS MATERNELLE;2014-2015;140;2014-10-01
JACQUES TATI PRIMAIRE;2014-2015;257;2014-10-01
JONELIERE PRIMAIRE;2014-2015;190;2014-10-01
LEON BLUM ELEMENTAIRE;2014-2015;172;2014-10-01
LINOT MATERNELLE;2014-2015;115;2014-10-01
MOLIERE MATERNELLE;2014-2015;133;2014-10-01
PLESSIS CELLIER MATERNELLE;2014-2015;138;2014-10-01
SULLY MATERNELLE;2014-2015;142;2014-10-01
AGENETS MATERNELLE;2015-2016;140;2015-10-01
AMPERE PRIMAIRE;2015-2016;280;2015-10-01
ANGE GUEPIN ELEMENTAIRE;2015-2016;113;2015-10-01
BOCCAGE ELEMENTAIRE;2015-2016;155;2015-10-01
CHAUVINIERE MATERNELLE;2015-2016;108;2015-10-01
FRANCOIS DALLET ELEMENTAIRE;2015-2016;213;2015-10-01
FRANCOISE DOLTO PRIMAIRE;2015-2016;238;2015-10-01
GEORGES LAFONT MATERNELLE;2015-2016;81;2015-10-01
GUSTAVE ROCH MATERNELLE;2015-2016;116;2015-10-01
HAROUYS PRIMAIRE;2015-2016;244;2015-10-01
JONELIERE PRIMAIRE;2015-2016;188;2015-10-01
LEDRU ROLLIN ELEMENTAIRE;2015-2016;338;2015-10-01
LEON BLUM ELEMENTAIRE;2015-2016;182;2015-10-01
LONGCHAMP PRIMAIRE;2015-2016;399;2015-10-01
LOUIS PERGAUD MATERNELLE;2015-2016;165;2015-10-01
URBAIN LE VERRIER MATERNELLE;2015-2016;163;2015-10-01
ALAIN FOURNIER MATERNELLE;2016-2017;114;2016-10-01
AMPERE PRIMAIRE;2016-2017;285;2016-10-01
ANDRE LERMITE ELEMENTAIRE;2016-2017;204;2016-10-01
BATIGNOLLES MATERNELLE;2016-2017;102;2016-10-01
BEAUJOIRE ELEMENTAIRE;2016-2017;117;2016-10-01
BOTTIERE MATERNELLE;2016-2017;167;2016-10-01
CAMILLE CLAUDEL MATERNELLE;2016-2017;99;2016-10-01
CHENE D'ARON MATERNELLE;2016-2017;84;2016-10-01
DERVALLIERES CHEZINE MATERNELLE;2016-2017;127;2016-10-01
DOCTEUR TEILLAIS MATERNELLE;2016-2017;144;2016-10-01
EMILE PEHANT MATERNELLE;2016-2017;112;2016-10-01
FRANCOIS DALLET ELEMENTAIRE;2016-2017;238;2016-10-01
GARENNES ELEMENTAIRE;2016-2017;155;2016-10-01
GASTON SERPETTE ELEMENTAIRE;2016-2017;243;2016-10-01
HENRI BERGSON MATERNELLE;2016-2017;162;2016-10-01
LINOT ELEMENTAIRE;2016-2017;202;2016-10-01
LONGCHAMP PRIMAIRE;2016-2017;410;2016-10-01
LOUIS PERGAUD MATERNELLE;2016-2017;147;2016-10-01
"MARSAUDERIES bilingue ""Français/Breton""";2016-2017;176;2016-10-01
MUTUALITE ELEMENTAIRE;2016-2017;337;2016-10-01
PAUL GAUGUIN PRIMAIRE;2016-2017;271;2016-10-01
PLANTES MATERNELLE;2016-2017;99;2016-10-01
BATIGNOLLES ELEMENTAIRE;2017-2018;179;2017-10-01
BATIGNOLLES MATERNELLE;2017-2018;107;2017-10-01
CHAUVINIERE MATERNELLE;2017-2018;98;2017-10-01
CONTRIE ELEMENTAIRE;2017-2018;187;2017-10-01
JACQUES PREVERT ELEMENTAIRE;2017-2018;118;2017-10-01
JACQUES TATI PRIMAIRE;2017-2018;300;2017-10-01
JEAN ZAY I MATERNELLE;2017-2018;131;2017-10-01
JOSEPH BLANCHART MATERNELLE;2017-2018;114;2017-10-01
LINOT MATERNELLE;2017-2018;160;2017-10-01
LUCIE AUBRAC MATERNELLE;2017-2018;95;2017-10-01
MAISDON PAJOT MATERNELLE;2017-2018;203;2017-10-01
"MARSAUDERIES bilingue ""Français/Breton""";2017-2018;166;2017-10-01
PLANTES ELEMENTAIRE;2017-2018;127;2017-10-01
PORT BOYER ELEMENTAIRE;2017-2018;185;2017-10-01
PORT BOYER MATERNELLE;2017-2018;157;2017-10-01
SULLY ELEMENTAIRE;2017-2018;209;2017-10-01
"BATIGNOLLES bilingue ""Français/Breton""";2018-2019;49;2018-10-01
CHAMPENOIS ELEMENTAIRE;2018-2019;166;2018-10-01
CHATAIGNIERS ELEMENTAIRE;2018-2019;149;2018-10-01
FRANCOISE DOLTO PRIMAIRE;2018-2019;266;2018-10-01
GARENNES ELEMENTAIRE;2018-2019;173;2018-10-01
GEORGE SAND ELEMENTAIRE;2018-2019;240;2018-10-01
LOUIS PERGAUD MATERNELLE;2018-2019;134;2018-10-01
MAISON NEUVE PRIMAIRE;2018-2019;195;2018-10-01
MARSAUDERIES MATERNELLE;2018-2019;118;2018-10-01
"MARSAUDERIES bilingue ""Français/Breton""";2018-2019;161;2018-10-01
MAURICE MACE MATERNELLE;2018-2019;201;2018-10-01
MUTUALITE ELEMENTAIRE;2018-2019;373;2018-10-01
SULLY ELEMENTAIRE;2018-2019;216;2018-10-01
ALAIN FOURNIER ELEMENTAIRE;2019-2020;190;2019-10-01
CAMILLE CLAUDEL MATERNELLE;2019-2020;103;2019-10-01
CHATAIGNIERS ELEMENTAIRE;2019-2020;164;2019-10-01
CHAUVINIERE MATERNELLE;2019-2020;80;2019-10-01
COUDRAY MATERNELLE;2019-2020;119;2019-10-01
DOCTEUR TEILLAIS MATERNELLE;2019-2020;135;2019-10-01
FELLONNEAU ELEMENTAIRE;2019-2020;160;2019-10-01
FONTENY MATERNELLE;2019-2020;147;2019-10-01
FRATERNITE ELEMENTAIRE;2019-2020;318;2019-10-01
GRAND CARCOUET PRIMAIRE;2019-2020;213;2019-10-01
GUSTAVE ROCH ELEMENTAIRE;2019-2020;151;2019-10-01
JEAN ZAY I MATERNELLE;2019-2020;144;2019-10-01
LAMORICIERE MATERNELLE;2019-2020;173;2019-10-01
LOUIS PERGAUD ELEMENTAIRE;2019-2020;254;2019-10-01
MUTUALITE ELEMENTAIRE;2019-2020;404;2019-10-01
PAUL GAUGUIN PRIMAIRE;2019-2020;290;2019-10-01
PAULINE KERGOMARD MATERNELLE;2019-2020;119;2019-10-01
SULLY MATERNELLE;2019-2020;122;2019-10-01
URBAIN LE VERRIER ELEMENTAIRE;2019-2020;254;2019-10-01
URBAIN LE VERRIER MATERNELLE;2019-2020;218;2019-10-01
AGENETS ELEMENTAIRE;2010-2011;166;2010-10-01
DERVALLIERES CHEZINE ELEMENTAIRE;2010-2011;167;2010-10-01
GUSTAVE ROCH MATERNELLE;2010-2011;116;2010-10-01
HENRI BERGSON MATERNELLE;2010-2011;117;2010-10-01
JEAN ZAY ELEMENTAIRE;2010-2011;261;2010-10-01
LINOT ELEMENTAIRE;2010-2011;108;2010-10-01
LONGCHAMP PRIMAIRE;2010-2011;456;2010-10-01
LUCIE AUBRAC ELEMENTAIRE;2010-2011;84;2010-10-01
MAISON NEUVE PRIMAIRE;2010-2011;185;2010-10-01
PORT BOYER MATERNELLE;2010-2011;137;2010-10-01
STALINGRAD ELEMENTAIRE;2010-2011;121;2010-10-01
AGENETS MATERNELLE;2011-2012;136;2011-10-01
ALAIN FOURNIER ELEMENTAIRE;2011-2012;144;2011-10-01
ALAIN FOURNIER MATERNELLE;2011-2012;107;2011-10-01
CHAMPENOIS ELEMENTAIRE;2011-2012;118;2011-10-01
CHATAIGNIERS MATERNELLE;2011-2012;89;2011-10-01
CHAUVINIERE MATERNELLE;2011-2012;102;2011-10-01
FELLONNEAU ELEMENTAIRE;2011-2012;137;2011-10-01
FRATERNITE ELEMENTAIRE;2011-2012;258;2011-10-01
FREDUREAU MATERNELLE;2011-2012;105;2011-10-01
HENRI BERGSON ELEMENTAIRE;2011-2012;115;2011-10-01
LEON SAY ELEMENTAIRE;2011-2012;203;2011-10-01
LONGCHAMP PRIMAIRE;2011-2012;442;2011-10-01
LOUISE MICHEL MATERNELLE;2011-2012;150;2011-10-01
MAURICE MACE MATERNELLE;2011-2012;211;2011-10-01
PORT BOYER ELEMENTAIRE;2011-2012;167;2011-10-01
PORT BOYER MATERNELLE;2011-2012;136;2011-10-01
REFORMES PRIMAIRE;2011-2012;124;2011-10-01
SULLY MATERNELLE;2011-2012;147;2011-10-01
BATIGNOLLES MATERNELLE;2012-2013;99;2012-10-01
BOTTIERE MATERNELLE;2012-2013;153;2012-10-01
DERVALLIERES CHEZINE ELEMENTAIRE;2012-2013;221;2012-10-01
GEORGES LAFONT MATERNELLE;2012-2013;86;2012-10-01
GRAND CARCOUET PRIMAIRE;2012-2013;131;2012-10-01
JEAN MOULIN MATERNELLE;2012-2013;143;2012-10-01
JOSEPH BLANCHART MATERNELLE;2012-2013;102;2012-10-01
LEON SAY MATERNELLE;2012-2013;107;2012-10-01
LOUIS PERGAUD ELEMENTAIRE;2012-2013;234;2012-10-01
"MARSAUDERIES bilingue ""Français/Breton""";2012-2013;176;2012-10-01
MUTUALITE ELEMENTAIRE;2012-2013;321;2012-10-01
SULLY ELEMENTAIRE;2012-2013;225;2012-10-01
ANDRE LERMITE ELEMENTAIRE;2013-2014;193;2013-10-01
BARBERIE MATERNELLE;2013-2014;82;2013-10-01
BATIGNOLLES MATERNELLE;2013-2014;99;2013-10-01
BOCCAGE MATERNELLE;2013-2014;87;2013-10-01
CONTRIE MATERNELLE;2013-2014;104;2013-10-01
DOCTEUR TEILLAIS MATERNELLE;2013-2014;138;2013-10-01
GASTON SERPETTE ELEMENTAIRE;2013-2014;218;2013-10-01
GUSTAVE ROCH ELEMENTAIRE;2013-2014;111;2013-10-01
JEAN MOULIN ELEMENTAIRE;2013-2014;114;2013-10-01
JULIEN GRACQ PRIMAIRE;2013-2014;307;2013-10-01
LOUISE MICHEL MATERNELLE;2013-2014;135;2013-10-01
MULOTIERE ELEMENTAIRE;2013-2014;163;2013-10-01
PLANTES ELEMENTAIRE;2013-2014;116;2013-10-01
REFORMES PRIMAIRE;2013-2014;126;2013-10-01
SARAH BERNHARDT MATERNELLE;2013-2014;226;2013-10-01
URBAIN LE VERRIER ELEMENTAIRE;2013-2014;210;2013-10-01
AGENETS ELEMENTAIRE;2014-2015;208;2014-10-01
BARBERIE MATERNELLE;2014-2015;74;2014-10-01
BOCCAGE MATERNELLE;2014-2015;87;2014-10-01
CONTRIE MATERNELLE;2014-2015;106;2014-10-01
EMILE PEHANT MATERNELLE;2014-2015;111;2014-10-01
FRANCOISE DOLTO PRIMAIRE;2014-2015;228;2014-10-01
GEORGES BRASSENS MATERNELLE;2014-2015;114;2014-10-01
GEORGES LAFONT MATERNELLE;2014-2015;84;2014-10-01
GUSTAVE ROCH ELEMENTAIRE;2014-2015;105;2014-10-01
HENRI BERGSON ELEMENTAIRE;2014-2015;115;2014-10-01
HENRI BERGSON MATERNELLE;2014-2015;106;2014-10-01
LINOT ELEMENTAIRE;2014-2015;186;2014-10-01
LUCIE AUBRAC ELEMENTAIRE;2014-2015;125;2014-10-01
MAISON NEUVE PRIMAIRE;2014-2015;167;2014-10-01
MARSAUDERIES MATERNELLE;2014-2015;149;2014-10-01
REFORMES PRIMAIRE;2014-2015;131;2014-10-01
SULLY ELEMENTAIRE;2014-2015;189;2014-10-01
BAUT ELEMENTAIRE;2015-2016;123;2015-10-01
BOTTIERE ELEMENTAIRE;2015-2016;163;2015-10-01
COUDRAY ELEMENTAIRE;2015-2016;154;2015-10-01
COUDRAY MATERNELLE;2015-2016;113;2015-10-01
DERVALLIERES CHEZINE MATERNELLE;2015-2016;138;2015-10-01
EMILE PEHANT ELEMENTAIRE;2015-2016;172;2015-10-01
FREDUREAU MATERNELLE;2015-2016;78;2015-10-01
JACQUES TATI PRIMAIRE;2015-2016;275;2015-10-01
PLESSIS CELLIER ELEMENTAIRE;2015-2016;187;2015-10-01
ANATOLE DE MONZIE ELEMENTAIRE;2016-2017;146;2016-10-01
BOCCAGE ELEMENTAIRE;2016-2017;161;2016-10-01
BOCCAGE MATERNELLE;2016-2017;82;2016-10-01
CONTRIE ELEMENTAIRE;2016-2017;197;2016-10-01
JACQUES PREVERT ELEMENTAIRE;2016-2017;129;2016-10-01
JACQUES PREVERT MATERNELLE;2016-2017;103;2016-10-01
JEAN MOULIN MATERNELLE;2016-2017;185;2016-10-01
JEAN ZAY I MATERNELLE;2016-2017;123;2016-10-01
MAISDON PAJOT MATERNELLE;2016-2017;201;2016-10-01
MAURICE MACE ELEMENTAIRE;2016-2017;350;2016-10-01
MAURICE MACE MATERNELLE;2016-2017;197;2016-10-01
PAULINE KERGOMARD MATERNELLE;2016-2017;99;2016-10-01
VILLA MARIA PRIMAIRE;2016-2017;133;2016-10-01
ALAIN FOURNIER ELEMENTAIRE;2017-2018;159;2017-10-01
ALAIN FOURNIER MATERNELLE;2017-2018;126;2017-10-01
BEAUJOIRE ELEMENTAIRE;2017-2018;121;2017-10-01
CHARLES LEBOURG PRIMAIRE;2017-2018;188;2017-10-01
CHAUVINIERE ELEMENTAIRE;2017-2018;198;2017-10-01
FELLONNEAU MATERNELLE;2017-2018;98;2017-10-01
FRANCOIS DALLET ELEMENTAIRE;2017-2018;239;2017-10-01
JONELIERE PRIMAIRE;2017-2018;161;2017-10-01
LOUIS PERGAUD ELEMENTAIRE;2017-2018;250;2017-10-01
AGENETS ELEMENTAIRE;2018-2019;211;2018-10-01
ANGE GUEPIN ELEMENTAIRE;2018-2019;125;2018-10-01
BARBERIE MATERNELLE;2018-2019;69;2018-10-01
BOCCAGE MATERNELLE;2018-2019;85;2018-10-01
BOTTIERE ELEMENTAIRE;2018-2019;184;2018-10-01
COTE D'OR MATERNELLE;2018-2019;73;2018-10-01
DOCTEUR TEILLAIS MATERNELLE;2018-2019;151;2018-10-01
GAY LUSSAC PRIMAIRE;2018-2019;257;2018-10-01
GRAND CARCOUET PRIMAIRE;2018-2019;209;2018-10-01
JACQUES PREVERT ELEMENTAIRE;2018-2019;136;2018-10-01
LEON SAY PRIMAIRE;2018-2019;316;2018-10-01
LINOT ELEMENTAIRE;2018-2019;217;2018-10-01
LINOT MATERNELLE;2018-2019;158;2018-10-01
MARSAUDERIES ELEMENTAIRE;2018-2019;214;2018-10-01
MOLIERE MATERNELLE;2018-2019;96;2018-10-01
PLESSIS CELLIER ELEMENTAIRE;2018-2019;194;2018-10-01
REFORMES PRIMAIRE;2018-2019;164;2018-10-01
STALINGRAD ELEMENTAIRE;2018-2019;139;2018-10-01
STALINGRAD MATERNELLE;2018-2019;117;2018-10-01
ALPHONSE BRAUD PRIMAIRE;2019-2020;167;2019-10-01
CHAUVINIERE ELEMENTAIRE;2019-2020;152;2019-10-01
COTE D'OR MATERNELLE;2019-2020;79;2019-10-01
JEAN MOULIN MATERNELLE;2019-2020;202;2019-10-01
LOUIS GUIOTTON MATERNELLE;2019-2020;117;2019-10-01
LOUISE MICHEL MATERNELLE;2019-2020;158;2019-10-01
LUCIE AUBRAC MATERNELLE;2019-2020;137;2019-10-01
MARSAUDERIES MATERNELLE;2019-2020;121;2019-10-01
PLESSIS CELLIER ELEMENTAIRE;2019-2020;230;2019-10-01
PORT BOYER ELEMENTAIRE;2019-2020;188;2019-10-01
PORT BOYER MATERNELLE;2019-2020;160;2019-10-01
REFORMES PRIMAIRE;2019-2020;159;2019-10-01
SARAH BERNHARDT MATERNELLE;2019-2020;219;2019-10-01
VILLA MARIA PRIMAIRE;2019-2020;117;2019-10-01
